Decay Time,Decay Time Error,States
1143.7360035433435,142.7781766585664,"[0, 2, 0]"
